No,Keyword,Search Volume,CPC,Paid Difficulty,SEO Difficulty
1,wallpaper near me,"9,900",$0.58 ,100,80
2,wallpaper stores near me,"14,800",$0.82 ,100,65
3,wallpaper installation near me,"2,900",$3.46 ,86,32
4,wallpaper hangers near me,"2,400",$2.61 ,54,72
5,wallpaper for sale near me,720,$0.56 ,100,69
6,who sells wallpaper near me,480,$0.44 ,100,76
7,wallpaper removal near me,480,$3.23 ,63,67
8,where can i buy wallpaper near me,480,$0.45 ,100,70
9,wallpaper retailers near me,480,$1.07 ,100,59
10,wallpaper companies near me,390,$1.98 ,100,57
